<?xml version="1.0" encoding="UTF-8"?>
<jobs xmlns="http://www.demandware.com/xml/impex/jobs/2015-07-01">
    <job job-id="ExtoleOrderStatusUpdate" priority="0">
        <description>Job sends order status "approve" or "decline" update to Extole</description>
        <parameters/>
        <flow>
            <context site-id="RefArch"/>
            <step step-id="ExtoleUpdateOrderStatus" type="ExecuteScriptModule" enforce-restart="false">
                <description/>
                <parameters>
                    <parameter name="ExecuteScriptModule.Module">int_extole/cartridge/scripts/jobs/ExtoleUpdateOrderStatusJob</parameter>
                    <parameter name="ExecuteScriptModule.FunctionName">UpdateOrderStatus</parameter>
                    <parameter name="ExecuteScriptModule.Transactional">false</parameter>
                </parameters>
            </step>
        </flow>
        <rules/>
        <triggers/>
    </job>
</jobs>
