<?xml version="1.0" encoding="UTF-8"?>
<services xmlns="http://www.demandware.com/xml/impex/services/2014-09-26">
    <service-credential service-credential-id="Extole Credentials">
        <url>https://api.extole.io/v3/events/approve</url>
        <user-id/>
    </service-credential>

    <service-profile service-profile-id="Extole Profile">
        <timeout-millis>120000</timeout-millis>
        <rate-limit-enabled>false</rate-limit-enabled>
        <rate-limit-calls>0</rate-limit-calls>
        <rate-limit-millis>0</rate-limit-millis>
        <cb-enabled>false</cb-enabled>
        <cb-calls>5</cb-calls>
        <cb-millis>1000</cb-millis>
    </service-profile>

    <service service-id="Extole">
        <service-type>HTTP</service-type>
        <enabled>true</enabled>
        <log-prefix>extole</log-prefix>
        <comm-log-enabled>false</comm-log-enabled>
        <force-prd-enabled>true</force-prd-enabled>
        <mock-mode-enabled>false</mock-mode-enabled>
        <profile-id>Extole Profile</profile-id>
        <credential-id>Extole Credentials</credential-id>
    </service>

</services>
