<?xml version="1.0" encoding="UTF-8"?>
<metadata xmlns="http://www.demandware.com/xml/impex/metadata/2006-10-31">
    <type-extension type-id="Order">
        <custom-attribute-definitions>
            <attribute-definition attribute-id="extoleApproveSentStatus">
                <display-name xml:lang="x-default">Is Extole Approve Status Sent</display-name>
                <description xml:lang="x-default">true if Extole Status Update call was made</description>
                <type>boolean</type>
                <mandatory-flag>false</mandatory-flag>
                <externally-managed-flag>false</externally-managed-flag>
            </attribute-definition>
        </custom-attribute-definitions>
        <group-definitions>
            <attribute-group group-id="extole">
                <display-name xml:lang="x-default">Extole</display-name>
                <attribute attribute-id="extoleApproveSentStatus"/>
            </attribute-group>
        </group-definitions>
    </type-extension>

    <type-extension type-id="SitePreferences">
        <custom-attribute-definitions>
            <attribute-definition attribute-id="extoleActivateApprovalAPI">
                <display-name xml:lang="x-default">Activate Approval API calls</display-name>
                <type>boolean</type>
                <mandatory-flag>false</mandatory-flag>
                <externally-managed-flag>false</externally-managed-flag>
            </attribute-definition>
            <attribute-definition attribute-id="extoleActivated">
                <display-name xml:lang="x-default">Extole activated</display-name>
                <type>boolean</type>
                <mandatory-flag>false</mandatory-flag>
                <externally-managed-flag>false</externally-managed-flag>
            </attribute-definition>
            <attribute-definition attribute-id="extoleCoreUrl">
                <display-name xml:lang="x-default">Core URL</display-name>
                <description xml:lang="x-default">URL to the Extole script</description>
                <type>string</type>
                <mandatory-flag>false</mandatory-flag>
                <externally-managed-flag>false</externally-managed-flag>
                <min-length>0</min-length>
            </attribute-definition>
            <attribute-definition attribute-id="extoleOrdersReturnWindow">
                <display-name xml:lang="x-default">Orders Return Window</display-name>
                <description xml:lang="x-default">period during which orders can be returned (days)</description>
                <type>int</type>
                <mandatory-flag>false</mandatory-flag>
                <externally-managed-flag>false</externally-managed-flag>
            </attribute-definition>
            <attribute-definition attribute-id="extoleSiteLabel">
                <display-name xml:lang="x-default">Extole Site Label</display-name>
                <type>string</type>
                <mandatory-flag>false</mandatory-flag>
                <externally-managed-flag>false</externally-managed-flag>
                <min-length>0</min-length>
            </attribute-definition>
            <attribute-definition attribute-id="extoleAccessToken">
                <display-name xml:lang="x-default">API Access Token</display-name>
                <type>string</type>
                <mandatory-flag>false</mandatory-flag>
                <externally-managed-flag>false</externally-managed-flag>
                <min-length>0</min-length>
            </attribute-definition>
            <attribute-definition attribute-id="extoleTokenKeyIdentifier">
                <display-name xml:lang="x-default">JWT Token Key Identifier</display-name>
                <type>string</type>
                <mandatory-flag>false</mandatory-flag>
                <externally-managed-flag>false</externally-managed-flag>
                <min-length>0</min-length>
            </attribute-definition>
            <attribute-definition attribute-id="extoleTokenSecretKey">
                <display-name xml:lang="x-default">JWT Token Secret Key</display-name>
                <type>password</type>
                <mandatory-flag>false</mandatory-flag>
                <externally-managed-flag>false</externally-managed-flag>
            </attribute-definition>
            <attribute-definition attribute-id="extoleOnlineVariationsAttr">
                <display-name xml:lang="x-default">Send Online Product Variations attribute</display-name>
                <type>boolean</type>
                <mandatory-flag>false</mandatory-flag>
                <externally-managed-flag>false</externally-managed-flag>
            </attribute-definition>
        </custom-attribute-definitions>
        <group-definitions>
            <attribute-group group-id="extole">
                <display-name xml:lang="x-default">Extole</display-name>
                <attribute attribute-id="extoleActivated"/>
                <attribute attribute-id="extoleCoreUrl"/>
                <attribute attribute-id="extoleSiteLabel"/>
                <attribute attribute-id="extoleActivateApprovalAPI"/>
                <attribute attribute-id="extoleOrdersReturnWindow"/>
                <attribute attribute-id="extoleOnlineVariationsAttr"/>
                <attribute attribute-id="extoleAccessToken"/>
                <attribute attribute-id="extoleTokenKeyIdentifier"/>
                <attribute attribute-id="extoleTokenSecretKey"/>
            </attribute-group>
        </group-definitions>
    </type-extension>
</metadata>
